project,target,configuration,hash,code,status,start,end
@module_project/themes,build,,9587760373115807153,0,success,1720948755911,1720948759659
test,build,,16222992724829760595,1,failure,1720948759661,1720948765456
@module_project/themes,build,,16685498913248717906,0,success,1720974932630,1720974935883
@module_project/esbuild-config,build,,11186437196721963414,0,success,1721033382635,1721033383382
@module_project/themes,build,,5879741145985290068,1,failure,1721033383383,1721033384916
@module_project/esbuild-config,build,,10192592828518838762,0,success,1721036506116,1721036506848
@module_project/themes,build,,3639689252282975767,0,success,1721036506849,1721036510252
@module_project/esbuild-config,build,,16861185342175669461,0,success,1721057109451,1721057110190
@module_project/themes,build,,9014028195992942465,0,success,1721057110191,1721057113653
@module_project/react-components-layout,build,,2398229874205303474,0,success,1721057113654,1721057117633
